Firstname1,Lastname1
Firstname2,Lastname2
Firstname3,Lastname3
Firstname4,Lastname4
Firstname5,Lastname5
Firstname6,Lastname6
Firstname7,Lastname7
Firstname8,Lastname8
Firstname9,Lastname9
Firstname10,Lastname10
Firstname11,Lastname11
Firstname12,Lastname12
Firstname13,Lastname13
Firstname14,Lastname14
Firstname15,Lastname15
Firstname16,Lastname16
Firstname17,Lastname17
Firstname18,Lastname18
Firstname19,Lastname19
Firstname20,Lastname20
Firstname21,Lastname21
Firstname22,Lastname22
Firstname23,Lastname23
Firstname24,Lastname24
Firstname25,Lastname25
Firstname26,Lastname26
Firstname27,Lastname27
Firstname28,Lastname28
Firstname29,Lastname29
Firstname30,Lastname30